Study_ID,Study_Description,BioSample_ID,BioSample_Description,Sample_ID,Sample_Name,Sample_Owner,Index_ID,Index,Index2_ID,Index2,Organism
Bridge_Host_Version_2,Looking at host genome for covid positive samples from the bridge study.,BX14QN655,CLIAhub extraction of a NP swab in shield buffer from covid positive patient.,BX14QN655,BX14QN655,Anthea_Mitchell,CZB-TRUSEQ-8-12BP-i7-PLATE-009_Dual-033_A1,TGCTTGCTACCT,CZB-TRUSEQ-8-12BP-i5-PLATE-011_Dual-033_A1,GTGCTTACCTTG,Human
Bridge_Host_Version_2,Looking at host genome for covid positive samples from the bridge study.,BX15Q451G,CLIAhub extraction of a NP swab in shield buffer from covid positive patient.,BX15Q451G,BX15Q451G,Anthea_Mitchell,CZB-TRUSEQ-8-12BP-i7-PLATE-008_Dual-032_A2,GAGTCTTCGCTA,CZB-TRUSEQ-8-12BP-i5-PLATE-010_Dual-032_A2,TCGTACCTGAAC,Human
Bridge_Host_Version_2,Looking at host genome for covid positive samples from the bridge study.,BX1HB1W9R,CLIAhub extraction of a NP swab in shield buffer from covid positive patient.,BX1HB1W9R,BX1HB1W9R,Anthea_Mitchell,CZB-TRUSEQ-8-12BP-i7-PLATE-009_Dual-033_A2,TCACAGAGGAGT,CZB-TRUSEQ-8-12BP-i5-PLATE-011_Dual-033_A2,AGGAGTGAACTC,Human
Bridge_Host_Version_2,Looking at host genome for covid positive samples from the bridge study.,BX1JSK6VC,CLIAhub extraction of a NP swab in shield buffer from covid positive patient.,BX1JSK6VC,BX1JSK6VC,Anthea_Mitchell,CZB-TRUSEQ-8-12BP-i7-PLATE-008_Dual-032_A3,CAAGAGAGTCTC,CZB-TRUSEQ-8-12BP-i5-PLATE-010_Dual-032_A3,ATACCAGCAGCA,Human
Bridge_Host_Version_2,Looking at host genome for covid positive samples from the bridge study.,BX238NUWW,CLIAhub extraction of a NP swab in shield buffer from covid positive patient.,BX238NUWW,BX238NUWW,Anthea_Mitchell,CZB-TRUSEQ-8-12BP-i7-PLATE-009_Dual-033_A3,ACGACTCCACTT,CZB-TRUSEQ-8-12BP-i5-PLATE-011_Dual-033_A3,GATGGAAGCTTG,Human
Bridge_Host_Version_2,Looking at host genome for covid positive samples from the bridge study.,BX2J53QF2,CLIAhub extraction of a NP swab in shield buffer from covid positive patient.,BX2J53QF2,BX2J53QF2,Anthea_Mitchell,CZB-TRUSEQ-8-12BP-i7-PLATE-008_Dual-032_A4,AGTGTCGTTACG,CZB-TRUSEQ-8-12BP-i5-PLATE-010_Dual-032_A4,GATGGTGTCACT,Human
Bridge_Host_Version_2,Looking at host genome for covid positive samples from the bridge study.,BX2RPACEL,CLIAhub extraction of a NP swab in shield buffer from covid positive patient.,BX2RPACEL,BX2RPACEL,Anthea_Mitchell,CZB-TRUSEQ-8-12BP-i7-PLATE-009_Dual-033_A4,GAGTCTCATCTG,CZB-TRUSEQ-8-12BP-i5-PLATE-011_Dual-033_A4,ACGTAGGTGTGA,Human
Bridge_Host_Version_2,Looking at host genome for covid positive samples from the bridge study.,BX2TGR46U,CLIAhub extraction of a NP swab in shield buffer from covid positive patient.,BX2TGR46U,BX2TGR46U,Anthea_Mitchell,CZB-TRUSEQ-8-12BP-i7-PLATE-008_Dual-032_A5,AGTGGCTCTCAT,CZB-TRUSEQ-8-12BP-i5-PLATE-010_Dual-032_A5,ATGTACGCGAAC,Human
Bridge_Host_Version_2,Looking at host genome for covid positive samples from the bridge study.,BX339A6AV,CLIAhub extraction of a NP swab in shield buffer from covid positive patient.,BX339A6AV,BX339A6AV,Anthea_Mitchell,CZB-TRUSEQ-8-12BP-i7-PLATE-009_Dual-033_A5,TCACCATCGCAT,CZB-TRUSEQ-8-12BP-i5-PLATE-011_Dual-033_A5,CTGAACACTGAG,Human
Bridge_Host_Version_2,Looking at host genome for covid positive samples from the bridge study.,BX368MPRJ,CLIAhub extraction of a NP swab in shield buffer from covid positive patient.,BX368MPRJ,BX368MPRJ,Anthea_Mitchell,CZB-TRUSEQ-8-12BP-i7-PLATE-008_Dual-032_A6,TGCTCGCACTTA,CZB-TRUSEQ-8-12BP-i5-PLATE-010_Dual-032_A6,GTCAACGAAGCA,Human
Bridge_Host_Version_2,Looking at host genome for covid positive samples from the bridge study.,BX36TVAVC,CLIAhub extraction of a NP swab in shield buffer from covid positive patient.,BX36TVAVC,BX36TVAVC,Anthea_Mitchell,CZB-TRUSEQ-8-12BP-i7-PLATE-009_Dual-033_A6,CTCAGTGGTACA,CZB-TRUSEQ-8-12BP-i5-PLATE-011_Dual-033_A6,CAGCAATGACTC,Human
Bridge_Host_Version_2,Looking at host genome for covid positive samples from the bridge study.,BX3AFBQEP,CLIAhub extraction of a NP swab in shield buffer from covid positive patient.,BX3AFBQEP,BX3AFBQEP,Anthea_Mitchell,CZB-TRUSEQ-8-12BP-i7-PLATE-008_Dual-032_A7,GAGTATGCAGTG,CZB-TRUSEQ-8-12BP-i5-PLATE-010_Dual-032_A7,CAACACAGACTC,Human
Bridge_Host_Version_2,Looking at host genome for covid positive samples from the bridge study.,BX3C2UNKA,CLIAhub extraction of a NP swab in shield buffer from covid positive patient.,BX3C2UNKA,BX3C2UNKA,Anthea_Mitchell,CZB-TRUSEQ-8-12BP-i7-PLATE-009_Dual-033_A7,AGTGGTTGCAAG,CZB-TRUSEQ-8-12BP-i5-PLATE-011_Dual-033_A7,TCCTCTTGCTTG,Human
Bridge_Host_Version_2,Looking at host genome for covid positive samples from the bridge study.,BX3GVALQN,CLIAhub extraction of a NP swab in shield buffer from covid positive patient.,BX3GVALQN,BX3GVALQN,Anthea_Mitchell,CZB-TRUSEQ-8-12BP-i7-PLATE-008_Dual-032_A8,GTTCGTTCAGTC,CZB-TRUSEQ-8-12BP-i5-PLATE-010_Dual-032_A8,TGAACGTCGAAC,Human
Bridge_Host_Version_2,Looking at host genome for covid positive samples from the bridge study.,BX3NRDLFW,CLIAhub extraction of a positive control.,BX3NRDLFW,BX3NRDLFW,Anthea_Mitchell,CZB-TRUSEQ-8-12BP-i7-PLATE-009_Dual-033_A8,AGTGCACGCTAA,CZB-TRUSEQ-8-12BP-i5-PLATE-011_Dual-033_A8,GAACTGACTCGT,Human
Bridge_Host_Version_2,Looking at host genome for covid positive samples from the bridge study.,BX42JWFRL,CLIAhub extraction of a NP swab in shield buffer from covid positive patient.,BX42JWFRL,BX42JWFRL,Anthea_Mitchell,CZB-TRUSEQ-8-12BP-i7-PLATE-008_Dual-032_A9,CTCACGCTTCTT,CZB-TRUSEQ-8-12BP-i5-PLATE-010_Dual-032_A9,GTACAGTGGTGA,Human
Bridge_Host_Version_2,Looking at host genome for covid positive samples from the bridge study.,BX43JERMG,CLIAhub extraction of a NP swab in shield buffer from covid positive patient.,BX43JERMG,BX43JERMG,Anthea_Mitchell,CZB-TRUSEQ-8-12BP-i7-PLATE-009_Dual-033_A9,CAAGCTTGCCAA,CZB-TRUSEQ-8-12BP-i5-PLATE-011_Dual-033_A9,TACAAGGCAGCA,Human
Bridge_Host_Version_2,Looking at host genome for covid positive samples from the bridge study.,BX45NE3EK,CLIAhub extraction of a NP swab in shield buffer from covid positive patient.,BX45NE3EK,BX45NE3EK,Anthea_Mitchell,CZB-TRUSEQ-8-12BP-i7-PLATE-008_Dual-032_A10,GAGTCTTCAGGA,CZB-TRUSEQ-8-12BP-i5-PLATE-010_Dual-032_A10,GCTTCGATCACT,Human
Bridge_Host_Version_2,Looking at host genome for covid positive samples from the bridge study.,BX484M23G,CLIAhub extraction of a NP swab in shield buffer from covid positive patient.,BX484M23G,BX484M23G,Anthea_Mitchell,CZB-TRUSEQ-8-12BP-i7-PLATE-009_Dual-033_A10,CAAGCTAGTGAG,CZB-TRUSEQ-8-12BP-i5-PLATE-011_Dual-033_A10,TTCCTCGAACTC,Human
Bridge_Host_Version_2,Looking at host genome for covid positive samples from the bridge study.,BX5B2VRNW,CLIAhub extraction of a NP swab in shield buffer from covid positive patient.,BX5B2VRNW,BX5B2VRNW,Anthea_Mitchell,CZB-TRUSEQ-8-12BP-i7-PLATE-008_Dual-032_A11,ACGACAGGTAAG,CZB-TRUSEQ-8-12BP-i5-PLATE-010_Dual-032_A11,CCTAGTGAGTGA,Human
Bridge_Host_Version_2,Looking at host genome for covid positive samples from the bridge study.,BX5DNA8MC,CLIAhub extraction of a NP swab in shield buffer from covid positive patient.,BX5DNA8MC,BX5DNA8MC,Anthea_Mitchell,CZB-TRUSEQ-8-12BP-i7-PLATE-009_Dual-033_A11,TCACCTATCGCT,CZB-TRUSEQ-8-12BP-i5-PLATE-011_Dual-033_A11,ATGGAGCTGTGA,Human
Bridge_Host_Version_2,Looking at host genome for covid positive samples from the bridge study.,BX5J5K51S,CLIAhub extraction of a NP swab in shield buffer from covid positive patient.,BX5J5K51S,BX5J5K51S,Anthea_Mitchell,CZB-TRUSEQ-8-12BP-i7-PLATE-008_Dual-032_A12,TGCTAGGCCATA,CZB-TRUSEQ-8-12BP-i5-PLATE-010_Dual-032_A12,CAGCCAATAGCA,Human
Bridge_Host_Version_2,Looking at host genome for covid positive samples from the bridge study.,BX5MH5V4G,CLIAhub extraction of a NP swab in shield buffer from covid positive patient.,BX5MH5V4G,BX5MH5V4G,Anthea_Mitchell,CZB-TRUSEQ-8-12BP-i7-PLATE-007_Dual-031_B1,TGCTTAGGCAGT,CZB-TRUSEQ-8-12BP-i5-PLATE-009_Dual-031_B1,CAGACATCACTC,Human
Bridge_Host_Version_2,Looking at host genome for covid positive samples from the bridge study.,BX6HEBAVF,CLIAhub extraction of a NP swab in shield buffer from covid positive patient.,BX6HEBAVF,BX6HEBAVF,Anthea_Mitchell,CZB-TRUSEQ-8-12BP-i7-PLATE-006_Dual-030_B2,ACGATAATCGCC,CZB-TRUSEQ-8-12BP-i5-PLATE-008_Dual-030_B2,CGAAGATCAGCA,Human
Bridge_Host_Version_2,Looking at host genome for covid positive samples from the bridge study.,bx6khewcf,CLIAhub extraction of a NP swab in shield buffer from covid positive patient.,bx6khewcf,bx6khewcf,Anthea_Mitchell,CZB-TRUSEQ-8-12BP-i7-PLATE-007_Dual-031_B2,TGCTTCTGTTGG,CZB-TRUSEQ-8-12BP-i5-PLATE-009_Dual-031_B2,TGCCATGACTTG,Human
Bridge_Host_Version_2,Looking at host genome for covid positive samples from the bridge study.,BX6L89WVR,CLIAhub extraction of a NP swab in shield buffer from covid positive patient.,BX6L89WVR,BX6L89WVR,Anthea_Mitchell,CZB-TRUSEQ-8-12BP-i7-PLATE-006_Dual-030_B3,GTTCAGTCCAGT,CZB-TRUSEQ-8-12BP-i5-PLATE-008_Dual-030_B3,ACTTGCTGTCGT,Human
Bridge_Host_Version_2,Looking at host genome for covid positive samples from the bridge study.,BX6M9MRCK,CLIAhub extraction of a NP swab in shield buffer from covid positive patient.,BX6M9MRCK,BX6M9MRCK,Anthea_Mitchell,CZB-TRUSEQ-8-12BP-i7-PLATE-007_Dual-031_B3,GAGTTAAGGAGG,CZB-TRUSEQ-8-12BP-i5-PLATE-009_Dual-031_B3,CGAGTTAGCTTG,Human
Bridge_Host_Version_2,Looking at host genome for covid positive samples from the bridge study.,BX6P1ETSB,CLIAhub extraction of a NP swab in shield buffer from covid positive patient.,BX6P1ETSB,BX6P1ETSB,Anthea_Mitchell,CZB-TRUSEQ-8-12BP-i7-PLATE-006_Dual-030_B4,GTTCGATACCGA,CZB-TRUSEQ-8-12BP-i5-PLATE-008_Dual-030_B4,CGCTCTATTCGT,Human
Bridge_Host_Version_2,Looking at host genome for covid positive samples from the bridge study.,BX6R1WEK3,CLIAhub extraction of a NP swab in shield buffer from covid positive patient.,BX6R1WEK3,BX6R1WEK3,Anthea_Mitchell,CZB-TRUSEQ-8-12BP-i7-PLATE-007_Dual-031_B4,GTTCCACTAACC,CZB-TRUSEQ-8-12BP-i5-PLATE-009_Dual-031_B4,AACGCATGGAAC,Human
Bridge_Host_Version_2,Looking at host genome for covid positive samples from the bridge study.,BX76J79LS,CLIAhub extraction of a NP swab in shield buffer from covid positive patient.,BX76J79LS,BX76J79LS,Anthea_Mitchell,CZB-TRUSEQ-8-12BP-i7-PLATE-006_Dual-030_B5,ACGAATACGCTC,CZB-TRUSEQ-8-12BP-i5-PLATE-008_Dual-030_B5,CGATGTGAACTC,Human
Bridge_Host_Version_2,Looking at host genome for covid positive samples from the bridge study.,BX77NAVJ1,CLIAhub extraction of a NP swab in shield buffer from covid positive patient.,BX77NAVJ1,BX77NAVJ1,Anthea_Mitchell,CZB-TRUSEQ-8-12BP-i7-PLATE-007_Dual-031_B5,CTCATCTTGTGC,CZB-TRUSEQ-8-12BP-i5-PLATE-009_Dual-031_B5,GTTGGTTCGTGA,Human
Bridge_Host_Version_2,Looking at host genome for covid positive samples from the bridge study.,BX7AP8J9E,CLIAhub extraction of a NP swab in shield buffer from covid positive patient.,BX7AP8J9E,BX7AP8J9E,Anthea_Mitchell,CZB-TRUSEQ-8-12BP-i7-PLATE-006_Dual-030_B6,AGTGAGTGTGTG,CZB-TRUSEQ-8-12BP-i5-PLATE-008_Dual-030_B6,GTGTCAACGTGA,Human
Bridge_Host_Version_2,Looking at host genome for covid positive samples from the bridge study.,BX7BRJKKU,CLIAhub extraction of a NP swab in shield buffer from covid positive patient.,BX7BRJKKU,BX7BRJKKU,Anthea_Mitchell,CZB-TRUSEQ-8-12BP-i7-PLATE-007_Dual-031_B6,CAAGTACTCGGA,CZB-TRUSEQ-8-12BP-i5-PLATE-009_Dual-031_B6,GGTACTGATCGT,Human
Bridge_Host_Version_2,Looking at host genome for covid positive samples from the bridge study.,BX7H1NFMV,CLIAhub extraction of a NP swab in shield buffer from covid positive patient.,BX7H1NFMV,BX7H1NFMV,Anthea_Mitchell,CZB-TRUSEQ-8-12BP-i7-PLATE-006_Dual-030_B7,GAGTTCTGTCCA,CZB-TRUSEQ-8-12BP-i5-PLATE-008_Dual-030_B7,GAGGAAGATCGT,Human
Bridge_Host_Version_2,Looking at host genome for covid positive samples from the bridge study.,BX7LT8EJ8,CLIAhub extraction of a NP swab in shield buffer from covid positive patient.,BX7LT8EJ8,BX7LT8EJ8,Anthea_Mitchell,CZB-TRUSEQ-8-12BP-i7-PLATE-007_Dual-031_B7,CTCAGTGTGTCT,CZB-TRUSEQ-8-12BP-i5-PLATE-009_Dual-031_B7,CGAATGCACTTG,Human
Bridge_Host_Version_2,Looking at host genome for covid positive samples from the bridge study.,BX7UEKWMH,CLIAhub extraction of a NP swab in shield buffer from covid positive patient.,BX7UEKWMH,BX7UEKWMH,Anthea_Mitchell,CZB-TRUSEQ-8-12BP-i7-PLATE-006_Dual-030_B8,CAAGACGTGACA,CZB-TRUSEQ-8-12BP-i5-PLATE-008_Dual-030_B8,ACAGGATGGTGA,Human
Bridge_Host_Version_2,Looking at host genome for covid positive samples from the bridge study.,BX8AKCWF6,CLIAhub extraction of a NP swab in shield buffer from covid positive patient.,BX8AKCWF6,BX8AKCWF6,Anthea_Mitchell,CZB-TRUSEQ-8-12BP-i7-PLATE-007_Dual-031_B8,AGTGTGTTCGAC,CZB-TRUSEQ-8-12BP-i5-PLATE-009_Dual-031_B8,TTCTGCCTAGCA,Human
Bridge_Host_Version_2,Looking at host genome for covid positive samples from the bridge study.,BX8GF1RSQ,CLIAhub extraction of a NP swab in shield buffer from covid positive patient.,BX8GF1RSQ,BX8GF1RSQ,Anthea_Mitchell,CZB-TRUSEQ-8-12BP-i7-PLATE-006_Dual-030_B9,CAAGCTACCAAG,CZB-TRUSEQ-8-12BP-i5-PLATE-008_Dual-030_B9,CTTACGCTCACT,Human
Bridge_Host_Version_2,Looking at host genome for covid positive samples from the bridge study.,BX952UUTA,CLIAhub extraction of a NP swab in shield buffer from covid positive patient.,BX952UUTA,BX952UUTA,Anthea_Mitchell,CZB-TRUSEQ-8-12BP-i7-PLATE-007_Dual-031_B9,GTTCCTTAGTGG,CZB-TRUSEQ-8-12BP-i5-PLATE-009_Dual-031_B9,TCACGCTACACT,Human
Bridge_Host_Version_2,Looking at host genome for covid positive samples from the bridge study.,BX95NV52B,CLIAhub extraction of a NP swab in shield buffer from covid positive patient.,BX95NV52B,BX95NV52B,Anthea_Mitchell,CZB-TRUSEQ-8-12BP-i7-PLATE-006_Dual-030_B10,CAAGGAGATTGG,CZB-TRUSEQ-8-12BP-i5-PLATE-008_Dual-030_B10,AAGCTCACCTTG,Human
Bridge_Host_Version_2,Looking at host genome for covid positive samples from the bridge study.,BX99DNWTR,CLIAhub extraction of a NP swab in shield buffer from covid positive patient.,BX99DNWTR,BX99DNWTR,Anthea_Mitchell,CZB-TRUSEQ-8-12BP-i7-PLATE-007_Dual-031_B10,GAGTAGATGCTG,CZB-TRUSEQ-8-12BP-i5-PLATE-009_Dual-031_B10,CACAAGTGCTTG,Human
Bridge_Host_Version_2,Looking at host genome for covid positive samples from the bridge study.,BX9DEP3WT,CLIAhub extraction of a NP swab in shield buffer from covid positive patient.,BX9DEP3WT,BX9DEP3WT,Anthea_Mitchell,CZB-TRUSEQ-8-12BP-i7-PLATE-006_Dual-030_B11,GAGTGATCGAAG,CZB-TRUSEQ-8-12BP-i5-PLATE-008_Dual-030_B11,AACGACACCACT,Human
Bridge_Host_Version_2,Looking at host genome for covid positive samples from the bridge study.,BX9E9A7QW,CLIAhub extraction of a NP swab in shield buffer from covid positive patient.,BX9E9A7QW,BX9E9A7QW,Anthea_Mitchell,CZB-TRUSEQ-8-12BP-i7-PLATE-007_Dual-031_B11,GTTCACCTTACC,CZB-TRUSEQ-8-12BP-i5-PLATE-009_Dual-031_B11,AGGCAAGATGAG,Human
Bridge_Host_Version_2,Looking at host genome for covid positive samples from the bridge study.,BX9R8GT6W,CLIAhub extraction of a NP swab in shield buffer from covid positive patient.,BX9R8GT6W,BX9R8GT6W,Anthea_Mitchell,CZB-TRUSEQ-8-12BP-i7-PLATE-006_Dual-030_B12,TGCTTGCTGAAC,CZB-TRUSEQ-8-12BP-i5-PLATE-008_Dual-030_B12,TAATGCCGGAAC,Human
Bridge_Host_Version_2,Looking at host genome for covid positive samples from the bridge study.,BX9UHJRE1,CLIAhub extraction of a NP swab in shield buffer from covid positive patient.,BX9UHJRE1,BX9UHJRE1,Anthea_Mitchell,CZB-TRUSEQ-8-12BP-i7-PLATE-009_Dual-033_B1,CAAGTCATGGCA,CZB-TRUSEQ-8-12BP-i5-PLATE-011_Dual-033_B1,CGCAACATACTC,Human
Bridge_Host_Version_2,Looking at host genome for covid positive samples from the bridge study.,BXA3NNEW4,CLIAhub extraction of a NP swab in shield buffer from covid positive patient.,BXA3NNEW4,BXA3NNEW4,Anthea_Mitchell,CZB-TRUSEQ-8-12BP-i7-PLATE-008_Dual-032_B2,ACGACAGCAAGT,CZB-TRUSEQ-8-12BP-i5-PLATE-010_Dual-032_B2,ATCCATGCAGCA,Human
Bridge_Host_Version_2,Looking at host genome for covid positive samples from the bridge study.,BXA824AEK,CLIAhub extraction of a NP swab in shield buffer from covid positive patient.,BXA824AEK,BXA824AEK,Anthea_Mitchell,CZB-TRUSEQ-8-12BP-i7-PLATE-009_Dual-033_B2,CAAGCTAACTCG,CZB-TRUSEQ-8-12BP-i5-PLATE-011_Dual-033_B2,ATCGGTCAGTGA,Human
Bridge_Host_Version_2,Looking at host genome for covid positive samples from the bridge study.,BXALMKF5D,CLIAhub extraction of a NP swab in shield buffer from covid positive patient.,BXALMKF5D,BXALMKF5D,Anthea_Mitchell,CZB-TRUSEQ-8-12BP-i7-PLATE-008_Dual-032_B3,ACGAATAGAGCG,CZB-TRUSEQ-8-12BP-i5-PLATE-010_Dual-032_B3,TCATAGCGTCGT,Human
Bridge_Host_Version_2,Looking at host genome for covid positive samples from the bridge study.,BXBKMPSLC,CLIAhub extraction of a NP swab in shield buffer from covid positive patient.,BXBKMPSLC,BXBKMPSLC,Anthea_Mitchell,CZB-TRUSEQ-8-12BP-i7-PLATE-009_Dual-033_B3,GTTCCATGCGTT,CZB-TRUSEQ-8-12BP-i5-PLATE-011_Dual-033_B3,ATACGCTCGAAC,Human
Bridge_Host_Version_2,Looking at host genome for covid positive samples from the bridge study.,BXBQPG8WL,CLIAhub extraction of a NP swab in shield buffer from covid positive patient.,BXBQPG8WL,BXBQPG8WL,Anthea_Mitchell,CZB-TRUSEQ-8-12BP-i7-PLATE-008_Dual-032_B4,GAGTTCACATCG,CZB-TRUSEQ-8-12BP-i5-PLATE-010_Dual-032_B4,GGACATTCTGAG,Human
Bridge_Host_Version_2,Looking at host genome for covid positive samples from the bridge study.,BXBWQMRNN,CLIAhub extraction of a NP swab in shield buffer from covid positive patient.,BXBWQMRNN,BXBWQMRNN,Anthea_Mitchell,CZB-TRUSEQ-8-12BP-i7-PLATE-009_Dual-033_B4,TCACGAACCAAC,CZB-TRUSEQ-8-12BP-i5-PLATE-011_Dual-033_B4,TCCAGTCTGAAC,Human
Bridge_Host_Version_2,Looking at host genome for covid positive samples from the bridge study.,BXC587CU5,CLIAhub extraction of a NP swab in shield buffer from covid positive patient.,BXC587CU5,BXC587CU5,Anthea_Mitchell,CZB-TRUSEQ-8-12BP-i7-PLATE-008_Dual-032_B5,TCACGTTGACAC,CZB-TRUSEQ-8-12BP-i5-PLATE-010_Dual-032_B5,GAGAAGTCACTC,Human
Bridge_Host_Version_2,Looking at host genome for covid positive samples from the bridge study.,BXCGT8T6B,CLIAhub extraction of a NP swab in shield buffer from covid positive patient.,BXCGT8T6B,BXCGT8T6B,Anthea_Mitchell,CZB-TRUSEQ-8-12BP-i7-PLATE-009_Dual-033_B5,ACGATCAGTACC,CZB-TRUSEQ-8-12BP-i5-PLATE-011_Dual-033_B5,GCGAATCACACT,Human
Bridge_Host_Version_2,Looking at host genome for covid positive samples from the bridge study.,BXCKGMT7U,CLIAhub extraction of a NP swab in shield buffer from covid positive patient.,BXCKGMT7U,BXCKGMT7U,Anthea_Mitchell,CZB-TRUSEQ-8-12BP-i7-PLATE-008_Dual-032_B6,ACGATCTTCCTC,CZB-TRUSEQ-8-12BP-i5-PLATE-010_Dual-032_B6,GAATGGCTCTTG,Human
Bridge_Host_Version_2,Looking at host genome for covid positive samples from the bridge study.,BXCQ5MKDC,CLIAhub extraction of a NP swab in shield buffer from covid positive patient.,BXCQ5MKDC,BXCQ5MKDC,Anthea_Mitchell,CZB-TRUSEQ-8-12BP-i7-PLATE-009_Dual-033_B6,CAAGTGCATTCG,CZB-TRUSEQ-8-12BP-i5-PLATE-011_Dual-033_B6,ACCTACTCGTGA,Human
Bridge_Host_Version_2,Looking at host genome for covid positive samples from the bridge study.,BXDTT5EBW,CLIAhub extraction of a NP swab in shield buffer from covid positive patient.,BXDTT5EBW,BXDTT5EBW,Anthea_Mitchell,CZB-TRUSEQ-8-12BP-i7-PLATE-008_Dual-032_B7,TCACCATCCTGT,CZB-TRUSEQ-8-12BP-i5-PLATE-010_Dual-032_B7,TGTAAGCGGTGA,Human
Bridge_Host_Version_2,Looking at host genome for covid positive samples from the bridge study.,BXDUTQ77B,CLIAhub extraction of a NP swab in shield buffer from covid positive patient.,BXDUTQ77B,BXDUTQ77B,Anthea_Mitchell,CZB-TRUSEQ-8-12BP-i7-PLATE-009_Dual-033_B7,TGCTAGGCAGAA,CZB-TRUSEQ-8-12BP-i5-PLATE-011_Dual-033_B7,CTACGTCTACTC,Human
Bridge_Host_Version_2,Looking at host genome for covid positive samples from the bridge study.,BXDWC6NJW,CLIAhub extraction of a NP swab in shield buffer from covid positive patient.,BXDWC6NJW,BXDWC6NJW,Anthea_Mitchell,CZB-TRUSEQ-8-12BP-i7-PLATE-008_Dual-032_B8,AGTGAGCGTAAG,CZB-TRUSEQ-8-12BP-i5-PLATE-010_Dual-032_B8,TGTTCTCGGTGA,Human
Bridge_Host_Version_2,Looking at host genome for covid positive samples from the bridge study.,BXE55T7BB,CLIAhub extraction of a NP swab in shield buffer from covid positive patient.,BXE55T7BB,BXE55T7BB,Anthea_Mitchell,CZB-TRUSEQ-8-12BP-i7-PLATE-009_Dual-033_B8,AGTGTAGCGTGA,CZB-TRUSEQ-8-12BP-i5-PLATE-011_Dual-033_B8,CGATACCTGAAC,Human
Bridge_Host_Version_2,Looking at host genome for covid positive samples from the bridge study.,BXE9AQSTL,CLIAhub extraction of a NP swab in shield buffer from covid positive patient.,BXE9AQSTL,BXE9AQSTL,Anthea_Mitchell,CZB-TRUSEQ-8-12BP-i7-PLATE-008_Dual-032_B9,CAAGGTGAGCTT,CZB-TRUSEQ-8-12BP-i5-PLATE-010_Dual-032_B9,TAGCAAGCTGAG,Human
Bridge_Host_Version_2,Looking at host genome for covid positive samples from the bridge study.,BXEEM68TR,CLIAhub extraction of a NP swab in shield buffer from covid positive patient.,BXEEM68TR,BXEEM68TR,Anthea_Mitchell,CZB-TRUSEQ-8-12BP-i7-PLATE-009_Dual-033_B9,CAAGCACTTGTG,CZB-TRUSEQ-8-12BP-i5-PLATE-011_Dual-033_B9,TAGTGGCACACT,Human
Bridge_Host_Version_2,Looking at host genome for covid positive samples from the bridge study.,BXEFFRP7U,CLIAhub extraction of a NP swab in shield buffer from covid positive patient.,BXEFFRP7U,BXEFFRP7U,Anthea_Mitchell,CZB-TRUSEQ-8-12BP-i7-PLATE-008_Dual-032_B10,AGTGGTGTCGTT,CZB-TRUSEQ-8-12BP-i5-PLATE-010_Dual-032_B10,TCAATGGCTGAG,Human
Bridge_Host_Version_2,Looking at host genome for covid positive samples from the bridge study.,BXENH4DA4,CLIAhub extraction of a NP swab in shield buffer from covid positive patient.,BXENH4DA4,BXENH4DA4,Anthea_Mitchell,CZB-TRUSEQ-8-12BP-i7-PLATE-009_Dual-033_B10,CTCATCTTGCCT,CZB-TRUSEQ-8-12BP-i5-PLATE-011_Dual-033_B10,CTTAAGGCTGAG,Human
Bridge_Host_Version_2,Looking at host genome for covid positive samples from the bridge study.,BXENMMMR6,CLIAhub extraction of a NP swab in shield buffer from covid positive patient.,BXENMMMR6,BXENMMMR6,Anthea_Mitchell,CZB-TRUSEQ-8-12BP-i7-PLATE-008_Dual-032_B11,GTTCCGGCATTA,CZB-TRUSEQ-8-12BP-i5-PLATE-010_Dual-032_B11,CAACGAACTGAG,Human
Bridge_Host_Version_2,Looking at host genome for covid positive samples from the bridge study.,BXERS1BWD,CLIAhub extraction of a NP swab in shield buffer from covid positive patient.,BXERS1BWD,BXERS1BWD,Anthea_Mitchell,CZB-TRUSEQ-8-12BP-i7-PLATE-009_Dual-033_B11,CAAGCGTATCGA,CZB-TRUSEQ-8-12BP-i5-PLATE-011_Dual-033_B11,TAGACCGTCTTG,Human
Bridge_Host_Version_2,Looking at host genome for covid positive samples from the bridge study.,BXF3E7WGJ,CLIAhub extraction of a NP swab in shield buffer from covid positive patient.,BXF3E7WGJ,BXF3E7WGJ,Anthea_Mitchell,CZB-TRUSEQ-8-12BP-i7-PLATE-008_Dual-032_B12,CTCACTAGATGG,CZB-TRUSEQ-8-12BP-i5-PLATE-010_Dual-032_B12,GTATCGTCAGCA,Human
Bridge_Host_Version_2,Looking at host genome for covid positive samples from the bridge study.,BXFAJ7CUQ,CLIAhub extraction of a NP swab in shield buffer from covid positive patient.,BXFAJ7CUQ,BXFAJ7CUQ,Anthea_Mitchell,CZB-TRUSEQ-8-12BP-i7-PLATE-007_Dual-031_C1,TGCTCAGTATGG,CZB-TRUSEQ-8-12BP-i5-PLATE-009_Dual-031_C1,ATCCAACGAGCA,Human
Bridge_Host_Version_2,Looking at host genome for covid positive samples from the bridge study.,BXFVCRVM1,CLIAhub extraction of a NP swab in shield buffer from covid positive patient.,BXFVCRVM1,BXFVCRVM1,Anthea_Mitchell,CZB-TRUSEQ-8-12BP-i7-PLATE-006_Dual-030_C2,CAAGCGGAACAA,CZB-TRUSEQ-8-12BP-i5-PLATE-008_Dual-030_C2,CAACTTCGGAAC,Human
Bridge_Host_Version_2,Looking at host genome for covid positive samples from the bridge study.,BXG69MGC5,CLIAhub extraction of a NP swab in shield buffer from covid positive patient.,BXG69MGC5,BXG69MGC5,Anthea_Mitchell,CZB-TRUSEQ-8-12BP-i7-PLATE-007_Dual-031_C2,TGCTAGGTTCCT,CZB-TRUSEQ-8-12BP-i5-PLATE-009_Dual-031_C2,GCTACTACTGAG,Human
Bridge_Host_Version_2,Looking at host genome for covid positive samples from the bridge study.,BXG7M4KDC,CLIAhub extraction of a NP swab in shield buffer from covid positive patient.,BXG7M4KDC,BXG7M4KDC,Anthea_Mitchell,CZB-TRUSEQ-8-12BP-i7-PLATE-006_Dual-030_C3,CAAGTGGATGAG,CZB-TRUSEQ-8-12BP-i5-PLATE-008_Dual-030_C3,GACAACAGTGAG,Human
Bridge_Host_Version_2,Looking at host genome for covid positive samples from the bridge study.,BXGBR4RE1,CLIAhub extraction of a NP swab in shield buffer from covid positive patient.,BXGBR4RE1,BXGBR4RE1,Anthea_Mitchell,CZB-TRUSEQ-8-12BP-i7-PLATE-007_Dual-031_C3,ACGATATCGCCA,CZB-TRUSEQ-8-12BP-i5-PLATE-009_Dual-031_C3,TAGGACTCACTC,Human
Bridge_Host_Version_2,Looking at host genome for covid positive samples from the bridge study.,BXGCWH172,CLIAhub extraction of a NP swab in shield buffer from covid positive patient.,BXGCWH172,BXGCWH172,Anthea_Mitchell,CZB-TRUSEQ-8-12BP-i7-PLATE-006_Dual-030_C4,GTTCTAGTACCG,CZB-TRUSEQ-8-12BP-i5-PLATE-008_Dual-030_C4,ACTGATGCAGCA,Human
Bridge_Host_Version_2,Looking at host genome for covid positive samples from the bridge study.,BXGKCCLAM,CLIAhub extraction of a NP swab in shield buffer from covid positive patient.,BXGKCCLAM,BXGKCCLAM,Anthea_Mitchell,CZB-TRUSEQ-8-12BP-i7-PLATE-007_Dual-031_C4,AGTGTCTATCGC,CZB-TRUSEQ-8-12BP-i5-PLATE-009_Dual-031_C4,ACTCCAGAACTC,Human
Bridge_Host_Version_2,Looking at host genome for covid positive samples from the bridge study.,BXGN2S28V,CLIAhub extraction of a NP swab in shield buffer from covid positive patient.,BXGN2S28V,BXGN2S28V,Anthea_Mitchell,CZB-TRUSEQ-8-12BP-i7-PLATE-006_Dual-030_C5,TGCTACGTAGCT,CZB-TRUSEQ-8-12BP-i5-PLATE-008_Dual-030_C5,CGACATGTACTC,Human
Bridge_Host_Version_2,Looking at host genome for covid positive samples from the bridge study.,BXGPG788V,CLIAhub extraction of a NP swab in shield buffer from covid positive patient.,BXGPG788V,BXGPG788V,Anthea_Mitchell,CZB-TRUSEQ-8-12BP-i7-PLATE-007_Dual-031_C5,TCACATCGACCA,CZB-TRUSEQ-8-12BP-i5-PLATE-009_Dual-031_C5,AGAGTGACGAAC,Human
Bridge_Host_Version_2,Looking at host genome for covid positive samples from the bridge study.,BXHJNSJ7P,CLIAhub extraction of a NP swab in shield buffer from covid positive patient.,BXHJNSJ7P,BXHJNSJ7P,Anthea_Mitchell,CZB-TRUSEQ-8-12BP-i7-PLATE-006_Dual-030_C6,GAGTCTATGACG,CZB-TRUSEQ-8-12BP-i5-PLATE-008_Dual-030_C6,CTCTCAGAAGCA,Human
Bridge_Host_Version_2,Looking at host genome for covid positive samples from the bridge study.,BXHNTRSJG,CLIAhub extraction of a NP swab in shield buffer from covid positive patient.,BXHNTRSJG,BXHNTRSJG,Anthea_Mitchell,CZB-TRUSEQ-8-12BP-i7-PLATE-007_Dual-031_C6,GTTCAGTGAGGT,CZB-TRUSEQ-8-12BP-i5-PLATE-009_Dual-031_C6,CTACCATGAGCA,Human
Bridge_Host_Version_2,Looking at host genome for covid positive samples from the bridge study.,BXHSNQMFF,CLIAhub extraction of a NP swab in shield buffer from covid positive patient.,BXHSNQMFF,BXHSNQMFF,Anthea_Mitchell,CZB-TRUSEQ-8-12BP-i7-PLATE-006_Dual-030_C7,CTCAGACCATGA,CZB-TRUSEQ-8-12BP-i5-PLATE-008_Dual-030_C7,AACTGACGTGAG,Human
Bridge_Host_Version_2,Looking at host genome for covid positive samples from the bridge study.,BXHWLDD1W,CLIAhub extraction of a NP swab in shield buffer from covid positive patient.,BXHWLDD1W,BXHWLDD1W,Anthea_Mitchell,CZB-TRUSEQ-8-12BP-i7-PLATE-007_Dual-031_C7,GAGTTACCAGCT,CZB-TRUSEQ-8-12BP-i5-PLATE-009_Dual-031_C7,CGTATCCTACTC,Human
Bridge_Host_Version_2,Looking at host genome for covid positive samples from the bridge study.,BXJC4DD8G,CLIAhub extraction of a NP swab in shield buffer from covid positive patient.,BXJC4DD8G,BXJC4DD8G,Anthea_Mitchell,CZB-TRUSEQ-8-12BP-i7-PLATE-006_Dual-030_C8,TCACGTATGCCA,CZB-TRUSEQ-8-12BP-i5-PLATE-008_Dual-030_C8,GTCCAAGTGAAC,Human
Bridge_Host_Version_2,Looking at host genome for covid positive samples from the bridge study.,BXJK5L9JL,CLIAhub extraction of a NP swab in shield buffer from covid positive patient.,BXJK5L9JL,BXJK5L9JL,Anthea_Mitchell,CZB-TRUSEQ-8-12BP-i7-PLATE-007_Dual-031_C8,CTCAGACATCAG,CZB-TRUSEQ-8-12BP-i5-PLATE-009_Dual-031_C8,GTAGTGCTAGCA,Human
Bridge_Host_Version_2,Looking at host genome for covid positive samples from the bridge study.,BXJMM7VK1,CLIAhub extraction of a NP swab in shield buffer from covid positive patient.,BXJMM7VK1,BXJMM7VK1,Anthea_Mitchell,CZB-TRUSEQ-8-12BP-i7-PLATE-006_Dual-030_C9,TCACCTTGCTTG,CZB-TRUSEQ-8-12BP-i5-PLATE-008_Dual-030_C9,TAGCGTGACACT,Human
Bridge_Host_Version_2,Looking at host genome for covid positive samples from the bridge study.,BXJRRGBGV,CLIAhub extraction of a NP swab in shield buffer from covid positive patient.,BXJRRGBGV,BXJRRGBGV,Anthea_Mitchell,CZB-TRUSEQ-8-12BP-i7-PLATE-007_Dual-031_C9,CTCAATCAGACG,CZB-TRUSEQ-8-12BP-i5-PLATE-009_Dual-031_C9,TGTTGGAGAGCA,Human
Bridge_Host_Version_2,Looking at host genome for covid positive samples from the bridge study.,BXJS7S1G3,CLIAhub extraction of a NP swab in shield buffer from covid positive patient.,BXJS7S1G3,BXJS7S1G3,Anthea_Mitchell,CZB-TRUSEQ-8-12BP-i7-PLATE-006_Dual-030_C10,TGCTGCGAATCT,CZB-TRUSEQ-8-12BP-i5-PLATE-008_Dual-030_C10,ACTAACCGCTTG,Human
Bridge_Host_Version_2,Looking at host genome for covid positive samples from the bridge study.,BXK3RQLU8,CLIAhub extraction of a NP swab in shield buffer from covid positive patient.,BXK3RQLU8,BXK3RQLU8,Anthea_Mitchell,CZB-TRUSEQ-8-12BP-i7-PLATE-007_Dual-031_C10,TGCTACTGTCGT,CZB-TRUSEQ-8-12BP-i5-PLATE-009_Dual-031_C10,TGACTGTGTCGT,Human
Bridge_Host_Version_2,Looking at host genome for covid positive samples from the bridge study.,BXK3WGC3K,CLIAhub extraction of a NP swab in shield buffer from covid positive patient.,BXK3WGC3K,BXK3WGC3K,Anthea_Mitchell,CZB-TRUSEQ-8-12BP-i7-PLATE-006_Dual-030_C11,GAGTCGTTGAGA,CZB-TRUSEQ-8-12BP-i5-PLATE-008_Dual-030_C11,CGGTTCATTGAG,Human
Bridge_Host_Version_2,Looking at host genome for covid positive samples from the bridge study.,BXKBSAJ9S,CLIAhub extraction of a NP swab in shield buffer from covid positive patient.,BXKBSAJ9S,BXKBSAJ9S,Anthea_Mitchell,CZB-TRUSEQ-8-12BP-i7-PLATE-007_Dual-031_C11,TGCTGCACTACA,CZB-TRUSEQ-8-12BP-i5-PLATE-009_Dual-031_C11,AGACGACACACT,Human
Bridge_Host_Version_2,Looking at host genome for covid positive samples from the bridge study.,BXKF72F73,CLIAhub extraction of a NP swab in shield buffer from covid positive patient.,BXKF72F73,BXKF72F73,Anthea_Mitchell,CZB-TRUSEQ-8-12BP-i7-PLATE-006_Dual-030_C12,ACGATCTCTCTG,CZB-TRUSEQ-8-12BP-i5-PLATE-008_Dual-030_C12,TTCGCCTAAGCA,Human
Bridge_Host_Version_2,Looking at host genome for covid positive samples from the bridge study.,BXKQJ7PSM,CLIAhub extraction of a NP swab in shield buffer from covid positive patient.,BXKQJ7PSM,BXKQJ7PSM,Anthea_Mitchell,CZB-TRUSEQ-8-12BP-i7-PLATE-009_Dual-033_C1,CTCAGTAGTAGC,CZB-TRUSEQ-8-12BP-i5-PLATE-011_Dual-033_C1,TTGAGCGAGAAC,Human
Bridge_Host_Version_2,Looking at host genome for covid positive samples from the bridge study.,BXKQK5CBT,CLIAhub extraction of a NP swab in shield buffer from covid positive patient.,BXKQK5CBT,BXKQK5CBT,Anthea_Mitchell,CZB-TRUSEQ-8-12BP-i7-PLATE-008_Dual-032_C2,CTCACTGTTGTC,CZB-TRUSEQ-8-12BP-i5-PLATE-010_Dual-032_C2,GAAGTGGAACTC,Human
Bridge_Host_Version_2,Looking at host genome for covid positive samples from the bridge study.,BXKU67TK2,CLIAhub extraction of a NP swab in shield buffer from covid positive patient.,BXKU67TK2,BXKU67TK2,Anthea_Mitchell,CZB-TRUSEQ-8-12BP-i7-PLATE-009_Dual-033_C2,GAGTGAGTCCTA,CZB-TRUSEQ-8-12BP-i5-PLATE-011_Dual-033_C2,CGCATAGATCGT,Human
Bridge_Host_Version_2,Looking at host genome for covid positive samples from the bridge study.,BXLD1U29H,CLIAhub extraction of a NP swab in shield buffer from covid positive patient.,BXLD1U29H,BXLD1U29H,Anthea_Mitchell,CZB-TRUSEQ-8-12BP-i7-PLATE-008_Dual-032_C3,TGCTGCATCAGT,CZB-TRUSEQ-8-12BP-i5-PLATE-010_Dual-032_C3,CATGTGTGCACT,Human
Bridge_Host_Version_2,Looking at host genome for covid positive samples from the bridge study.,BXLJMNT69,CLIAhub extraction of a NP swab in shield buffer from covid positive patient.,BXLJMNT69,BXLJMNT69,Anthea_Mitchell,CZB-TRUSEQ-8-12BP-i7-PLATE-009_Dual-033_C3,GAGTTCTGGAGT,CZB-TRUSEQ-8-12BP-i5-PLATE-011_Dual-033_C3,TCTCCTAGGAAC,Human
Bridge_Host_Version_2,Looking at host genome for covid positive samples from the bridge study.,BXLMT56BE,CLIAhub extraction of a NP swab in shield buffer from covid positive patient.,BXLMT56BE,BXLMT56BE,Anthea_Mitchell,CZB-TRUSEQ-8-12BP-i7-PLATE-008_Dual-032_C4,GAGTACATGTCG,CZB-TRUSEQ-8-12BP-i5-PLATE-010_Dual-032_C4,GCTGGATAGAAC,Human
Bridge_Host_Version_2,Looking at host genome for covid positive samples from the bridge study.,BXLNTMVB6,CLIAhub extraction of a NP swab in shield buffer from covid positive patient.,BXLNTMVB6,BXLNTMVB6,Anthea_Mitchell,CZB-TRUSEQ-8-12BP-i7-PLATE-009_Dual-033_C4,GTTCGTCACTCT,CZB-TRUSEQ-8-12BP-i5-PLATE-011_Dual-033_C4,ATTGCGTCCACT,Human
Bridge_Host_Version_2,Looking at host genome for covid positive samples from the bridge study.,BXLSLDGUL,CLIAhub extraction of a NP swab in shield buffer from covid positive patient.,BXLSLDGUL,BXLSLDGUL,Anthea_Mitchell,CZB-TRUSEQ-8-12BP-i7-PLATE-008_Dual-032_C5,TGCTTCTGAGAG,CZB-TRUSEQ-8-12BP-i5-PLATE-010_Dual-032_C5,TAGGAGAGTGAG,Human
Bridge_Host_Version_2,Looking at host genome for covid positive samples from the bridge study.,BXLTMNPR4,CLIAhub extraction of a NP swab in shield buffer from covid positive patient.,BXLTMNPR4,BXLTMNPR4,Anthea_Mitchell,CZB-TRUSEQ-8-12BP-i7-PLATE-009_Dual-033_C5,TGCTCATGGTAG,CZB-TRUSEQ-8-12BP-i5-PLATE-011_Dual-033_C5,CTCATGGTTCGT,Human
Bridge_Host_Version_2,Looking at host genome for covid positive samples from the bridge study.,BXMGDFAHV,CLIAhub extraction of a NP swab in shield buffer from covid positive patient.,BXMGDFAHV,BXMGDFAHV,Anthea_Mitchell,CZB-TRUSEQ-8-12BP-i7-PLATE-008_Dual-032_C6,CTCACGTCAGTT,CZB-TRUSEQ-8-12BP-i5-PLATE-010_Dual-032_C6,CGTGTTGACACT,Human
Bridge_Host_Version_2,Looking at host genome for covid positive samples from the bridge study.,BXMNP8KF4,CLIAhub extraction of a NP swab in shield buffer from covid positive patient.,BXMNP8KF4,BXMNP8KF4,Anthea_Mitchell,CZB-TRUSEQ-8-12BP-i7-PLATE-009_Dual-033_C6,GAGTAGGATACG,CZB-TRUSEQ-8-12BP-i5-PLATE-011_Dual-033_C6,CTCGTTCTCTTG,Human
Bridge_Host_Version_2,Looking at host genome for covid positive samples from the bridge study.,BXN53ETCS,CLIAhub extraction of a NP swab in shield buffer from covid positive patient.,BXN53ETCS,BXN53ETCS,Anthea_Mitchell,CZB-TRUSEQ-8-12BP-i7-PLATE-008_Dual-032_C7,GTTCACTTGGAC,CZB-TRUSEQ-8-12BP-i5-PLATE-010_Dual-032_C7,CAGTTAGCAGCA,Human
Bridge_Host_Version_2,Looking at host genome for covid positive samples from the bridge study.,BXN91VUES,CLIAhub extraction of a NP swab in shield buffer from covid positive patient.,BXN91VUES,BXN91VUES,Anthea_Mitchell,CZB-TRUSEQ-8-12BP-i7-PLATE-009_Dual-033_C7,TGCTAGCACTAC,CZB-TRUSEQ-8-12BP-i5-PLATE-011_Dual-033_C7,GCGCTAATTGAG,Human
Bridge_Host_Version_2,Looking at host genome for covid positive samples from the bridge study.,BXN9U48SL,CLIAhub extraction of a NP swab in shield buffer from covid positive patient.,BXN9U48SL,BXN9U48SL,Anthea_Mitchell,CZB-TRUSEQ-8-12BP-i7-PLATE-008_Dual-032_C8,AGTGTCACGCTA,CZB-TRUSEQ-8-12BP-i5-PLATE-010_Dual-032_C8,ATTCGCCATCGT,Human
Bridge_Host_Version_2,Looking at host genome for covid positive samples from the bridge study.,BXNATGFCM,CLIAhub extraction of a NP swab in shield buffer from covid positive patient.,BXNATGFCM,BXNATGFCM,Anthea_Mitchell,CZB-TRUSEQ-8-12BP-i7-PLATE-009_Dual-033_C8,TGCTCTCCAACA,CZB-TRUSEQ-8-12BP-i5-PLATE-011_Dual-033_C8,GAGGTGATTGAG,Human
Bridge_Host_Version_2,Looking at host genome for covid positive samples from the bridge study.,BXNGABBH5,CLIAhub extraction of a NP swab in shield buffer from covid positive patient.,BXNGABBH5,BXNGABBH5,Anthea_Mitchell,CZB-TRUSEQ-8-12BP-i7-PLATE-008_Dual-032_C9,CAAGCGGTTAGT,CZB-TRUSEQ-8-12BP-i5-PLATE-010_Dual-032_C9,GATGACCATCGT,Human
Bridge_Host_Version_2,Looking at host genome for covid positive samples from the bridge study.,BXNR2W26V,CLIAhub extraction of a NP swab in shield buffer from covid positive patient.,BXNR2W26V,BXNR2W26V,Anthea_Mitchell,CZB-TRUSEQ-8-12BP-i7-PLATE-009_Dual-033_C9,ACGACACAGTCA,CZB-TRUSEQ-8-12BP-i5-PLATE-011_Dual-033_C9,TCACTCACGAAC,Human
Bridge_Host_Version_2,Looking at host genome for covid positive samples from the bridge study.,BXNSJPDLR,CLIAhub extraction of a NP swab in shield buffer from covid positive patient.,BXNSJPDLR,BXNSJPDLR,Anthea_Mitchell,CZB-TRUSEQ-8-12BP-i7-PLATE-008_Dual-032_C10,CTCAATGAACCG,CZB-TRUSEQ-8-12BP-i5-PLATE-010_Dual-032_C10,AACTCCAGAGCA,Human
Bridge_Host_Version_2,Looking at host genome for covid positive samples from the bridge study.,BXP43FKA3,CLIAhub extraction of a NP swab in shield buffer from covid positive patient.,BXP43FKA3,BXP43FKA3,Anthea_Mitchell,CZB-TRUSEQ-8-12BP-i7-PLATE-009_Dual-033_C10,AGTGTGTCGTCT,CZB-TRUSEQ-8-12BP-i5-PLATE-011_Dual-033_C10,AGTGAGGAGAAC,Human
Bridge_Host_Version_2,Looking at host genome for covid positive samples from the bridge study.,BXP57AR1Q,CLIAhub extraction of a NP swab in shield buffer from covid positive patient.,BXP57AR1Q,BXP57AR1Q,Anthea_Mitchell,CZB-TRUSEQ-8-12BP-i7-PLATE-008_Dual-032_C11,TGCTTAGGCGAA,CZB-TRUSEQ-8-12BP-i5-PLATE-010_Dual-032_C11,AGAGCATCCTTG,Human
Bridge_Host_Version_2,Looking at host genome for covid positive samples from the bridge study.,BXP71G5BV,CLIAhub extraction of a NP swab in shield buffer from covid positive patient.,BXP71G5BV,BXP71G5BV,Anthea_Mitchell,CZB-TRUSEQ-8-12BP-i7-PLATE-009_Dual-033_C11,CTCACGAGTGTT,CZB-TRUSEQ-8-12BP-i5-PLATE-011_Dual-033_C11,TTCCGACACACT,Human
Bridge_Host_Version_2,Looking at host genome for covid positive samples from the bridge study.,BXPJ5W3HD,CLIAhub extraction of a NP swab in shield buffer from covid positive patient.,BXPJ5W3HD,BXPJ5W3HD,Anthea_Mitchell,CZB-TRUSEQ-8-12BP-i7-PLATE-008_Dual-032_C12,TGCTATGGATCC,CZB-TRUSEQ-8-12BP-i5-PLATE-010_Dual-032_C12,AGTGCTCACACT,Human
Bridge_Host_Version_2,Looking at host genome for covid positive samples from the bridge study.,BXQ7HPB1J,CLIAhub extraction of a NP swab in shield buffer from covid positive patient.,BXQ7HPB1J,BXQ7HPB1J,Anthea_Mitchell,CZB-TRUSEQ-8-12BP-i7-PLATE-007_Dual-031_D1,GAGTGTGCCTTA,CZB-TRUSEQ-8-12BP-i5-PLATE-009_Dual-031_D1,CTGTGAAGTCGT,Human
Bridge_Host_Version_2,Looking at host genome for covid positive samples from the bridge study.,BXQLKCCVV,CLIAhub extraction of a NP swab in shield buffer from covid positive patient.,BXQLKCCVV,BXQLKCCVV,Anthea_Mitchell,CZB-TRUSEQ-8-12BP-i7-PLATE-006_Dual-030_D2,CAAGCAGTTGCT,CZB-TRUSEQ-8-12BP-i5-PLATE-008_Dual-030_D2,ACCAGATCGAAC,Human
Bridge_Host_Version_2,Looking at host genome for covid positive samples from the bridge study.,BXQP1URTD,CLIAhub extraction of a NP swab in shield buffer from covid positive patient.,BXQP1URTD,BXQP1URTD,Anthea_Mitchell,CZB-TRUSEQ-8-12BP-i7-PLATE-007_Dual-031_D2,CTCAATGCCAAC,CZB-TRUSEQ-8-12BP-i5-PLATE-009_Dual-031_D2,GGCTAAGAACTC,Human
Bridge_Host_Version_2,Looking at host genome for covid positive samples from the bridge study.,BXQTWMRNW,CLIAhub extraction of a NP swab in shield buffer from covid positive patient.,BXQTWMRNW,BXQTWMRNW,Anthea_Mitchell,CZB-TRUSEQ-8-12BP-i7-PLATE-006_Dual-030_D3,GTTCTGTTGCAG,CZB-TRUSEQ-8-12BP-i5-PLATE-008_Dual-030_D3,TAGAGTCGGAAC,Human
Bridge_Host_Version_2,Looking at host genome for covid positive samples from the bridge study.,BXR9M1K2F,CLIAhub extraction of a NP swab in shield buffer from covid positive patient.,BXR9M1K2F,BXR9M1K2F,Anthea_Mitchell,CZB-TRUSEQ-8-12BP-i7-PLATE-007_Dual-031_D3,GTTCCATCACTC,CZB-TRUSEQ-8-12BP-i5-PLATE-009_Dual-031_D3,CCTATAGCGTGA,Human
Bridge_Host_Version_2,Looking at host genome for covid positive samples from the bridge study.,BXRBSFB3V,CLIAhub extraction of a NP swab in shield buffer from covid positive patient.,BXRBSFB3V,BXRBSFB3V,Anthea_Mitchell,CZB-TRUSEQ-8-12BP-i7-PLATE-006_Dual-030_D4,GTTCTGTGTAGC,CZB-TRUSEQ-8-12BP-i5-PLATE-008_Dual-030_D4,TCTACCGAACTC,Human
Bridge_Host_Version_2,Looking at host genome for covid positive samples from the bridge study.,BXRKP2QRD,CLIAhub extraction of a NP swab in shield buffer from covid positive patient.,BXRKP2QRD,BXRKP2QRD,Anthea_Mitchell,CZB-TRUSEQ-8-12BP-i7-PLATE-007_Dual-031_D4,ACGAGCAGACTA,CZB-TRUSEQ-8-12BP-i5-PLATE-009_Dual-031_D4,ATCACGTGCACT,Human
Bridge_Host_Version_2,Looking at host genome for covid positive samples from the bridge study.,BXSEM8MGT,CLIAhub extraction of a NP swab in shield buffer from covid positive patient.,BXSEM8MGT,BXSEM8MGT,Anthea_Mitchell,CZB-TRUSEQ-8-12BP-i7-PLATE-006_Dual-030_D5,TCACTGCTAAGG,CZB-TRUSEQ-8-12BP-i5-PLATE-008_Dual-030_D5,TCCGATACGAAC,Human
Bridge_Host_Version_2,Looking at host genome for covid positive samples from the bridge study.,BXSUM3479,CLIAhub extraction of a NP swab in shield buffer from covid positive patient.,BXSUM3479,BXSUM3479,Anthea_Mitchell,CZB-TRUSEQ-8-12BP-i7-PLATE-007_Dual-031_D5,GAGTACGATTGC,CZB-TRUSEQ-8-12BP-i5-PLATE-009_Dual-031_D5,GTCACATCGAAC,Human
Bridge_Host_Version_2,Looking at host genome for covid positive samples from the bridge study.,BXT4JUNAK,CLIAhub extraction of a NP swab in shield buffer from covid positive patient.,BXT4JUNAK,BXT4JUNAK,Anthea_Mitchell,CZB-TRUSEQ-8-12BP-i7-PLATE-006_Dual-030_D6,ACGATCGACAAC,CZB-TRUSEQ-8-12BP-i5-PLATE-008_Dual-030_D6,GCCTAATGACTC,Human
Bridge_Host_Version_2,Looking at host genome for covid positive samples from the bridge study.,BXT64DR41,CLIAhub extraction of a NP swab in shield buffer from covid positive patient.,BXT64DR41,BXT64DR41,Anthea_Mitchell,CZB-TRUSEQ-8-12BP-i7-PLATE-007_Dual-031_D6,CAAGTCTCCACA,CZB-TRUSEQ-8-12BP-i5-PLATE-009_Dual-031_D6,GTCTTCACCACT,Human
Bridge_Host_Version_2,Looking at host genome for covid positive samples from the bridge study.,BXTF6VNN4,CLIAhub extraction of a NP swab in shield buffer from covid positive patient.,BXTF6VNN4,BXTF6VNN4,Anthea_Mitchell,CZB-TRUSEQ-8-12BP-i7-PLATE-006_Dual-030_D7,CTCATAGCTGCA,CZB-TRUSEQ-8-12BP-i5-PLATE-008_Dual-030_D7,CATTGCCACACT,Human
Bridge_Host_Version_2,Looking at host genome for covid positive samples from the bridge study.,BXTQBVJG8,CLIAhub extraction of a NP swab in shield buffer from covid positive patient.,BXTQBVJG8,BXTQBVJG8,Anthea_Mitchell,CZB-TRUSEQ-8-12BP-i7-PLATE-007_Dual-031_D7,ACGATCCGAACA,CZB-TRUSEQ-8-12BP-i5-PLATE-009_Dual-031_D7,TGTGCATGTGAG,Human
Bridge_Host_Version_2,Looking at host genome for covid positive samples from the bridge study.,BXU3ST67B,CLIAhub extraction of a NP swab in shield buffer from covid positive patient.,BXU3ST67B,BXU3ST67B,Anthea_Mitchell,CZB-TRUSEQ-8-12BP-i7-PLATE-006_Dual-030_D8,CAAGCTAGCGTA,CZB-TRUSEQ-8-12BP-i5-PLATE-008_Dual-030_D8,GATTCACGTCGT,Human
Bridge_Host_Version_2,Looking at host genome for covid positive samples from the bridge study.,BXUMM959F,CLIAhub extraction of a NP swab in shield buffer from covid positive patient.,BXUMM959F,BXUMM959F,Anthea_Mitchell,CZB-TRUSEQ-8-12BP-i7-PLATE-007_Dual-031_D8,CAAGTGGTCTCT,CZB-TRUSEQ-8-12BP-i5-PLATE-009_Dual-031_D8,ATGCTCGTCTTG,Human
Bridge_Host_Version_2,Looking at host genome for covid positive samples from the bridge study.,BXUQEW7LN,CLIAhub extraction of a NP swab in shield buffer from covid positive patient.,BXUQEW7LN,BXUQEW7LN,Anthea_Mitchell,CZB-TRUSEQ-8-12BP-i7-PLATE-006_Dual-030_D9,TCACAGATCGTC,CZB-TRUSEQ-8-12BP-i5-PLATE-008_Dual-030_D9,CTCTGTGTTGAG,Human
Bridge_Host_Version_2,Looking at host genome for covid positive samples from the bridge study.,BXV7TSCVG,CLIAhub extraction of a NP swab in shield buffer from covid positive patient.,BXV7TSCVG,BXV7TSCVG,Anthea_Mitchell,CZB-TRUSEQ-8-12BP-i7-PLATE-007_Dual-031_D9,CAAGTGCATCTC,CZB-TRUSEQ-8-12BP-i5-PLATE-009_Dual-031_D9,GTGCATGAAGCA,Human
Bridge_Host_Version_2,Looking at host genome for covid positive samples from the bridge study.,BXVRB3N71,CLIAhub extraction of a NP swab in shield buffer from covid positive patient.,BXVRB3N71,BXVRB3N71,Anthea_Mitchell,CZB-TRUSEQ-8-12BP-i7-PLATE-006_Dual-030_D10,ACGAGCATATGG,CZB-TRUSEQ-8-12BP-i5-PLATE-008_Dual-030_D10,CGATCAGTTCGT,Human
Bridge_Host_Version_2,Looking at host genome for covid positive samples from the bridge study.,BXVVHTHPA,CLIAhub extraction of a NP swab in shield buffer from covid positive patient.,BXVVHTHPA,BXVVHTHPA,Anthea_Mitchell,CZB-TRUSEQ-8-12BP-i7-PLATE-007_Dual-031_D10,CTCAAGCATAGC,CZB-TRUSEQ-8-12BP-i5-PLATE-009_Dual-031_D10,GTTGAAGCGAAC,Human
Bridge_Host_Version_2,Looking at host genome for covid positive samples from the bridge study.,BXW7LK5EB,CLIAhub extraction of a NP swab in shield buffer from covid positive patient.,BXW7LK5EB,BXW7LK5EB,Anthea_Mitchell,CZB-TRUSEQ-8-12BP-i7-PLATE-006_Dual-030_D11,CAAGACAGACAC,CZB-TRUSEQ-8-12BP-i5-PLATE-008_Dual-030_D11,CGTTGAACTGAG,Human
Bridge_Host_Version_2,Looking at host genome for covid positive samples from the bridge study.,BXW7PGFT4,CLIAhub extraction of a NP swab in shield buffer from covid positive patient.,BXW7PGFT4,BXW7PGFT4,Anthea_Mitchell,CZB-TRUSEQ-8-12BP-i7-PLATE-007_Dual-031_D11,AGTGGTTAGACC,CZB-TRUSEQ-8-12BP-i5-PLATE-009_Dual-031_D11,GTGCAATCTCGT,Human
Bridge_Host_Version_2,Looking at host genome for covid positive samples from the bridge study.,BXWPARNQC,CLIAhub extraction of a NP swab in shield buffer from covid positive patient.,BXWPARNQC,BXWPARNQC,Anthea_Mitchell,CZB-TRUSEQ-8-12BP-i7-PLATE-006_Dual-030_D12,GTTCCTAAGGCA,CZB-TRUSEQ-8-12BP-i5-PLATE-008_Dual-030_D12,GTGAACTGACTC,Human
Bridge_Host_Version_2,Looking at host genome for covid positive samples from the bridge study.,BXWV7T385,CLIAhub extraction of a NP swab in shield buffer from covid positive patient.,BXWV7T385,BXWV7T385,Anthea_Mitchell,CZB-TRUSEQ-8-12BP-i7-PLATE-009_Dual-033_D1,GAGTTCTTAGCC,CZB-TRUSEQ-8-12BP-i5-PLATE-011_Dual-033_D1,CGTCAGTAACTC,Human
Bridge_Host_Version_2,Looking at host genome for covid positive samples from the bridge study.,MM1,CLIAhub extraction of a NP swab in shield buffer from covid positive patient.,MM1,MM1,Anthea_Mitchell,CZB-TRUSEQ-8-12BP-i7-PLATE-008_Dual-032_D2,GTTCCGACTCTA,CZB-TRUSEQ-8-12BP-i5-PLATE-010_Dual-032_D2,AGTCAGCTACTC,Human
Bridge_Host_Version_2,Looking at host genome for covid positive samples from the bridge study.,Negative_Control,CLIAhub extraction of a NP swab in shield buffer from covid positive patient.,Negative_Control,Negative_Control,Anthea_Mitchell,CZB-TRUSEQ-8-12BP-i7-PLATE-009_Dual-033_D2,TCACGCTATAGG,CZB-TRUSEQ-8-12BP-i5-PLATE-011_Dual-033_D2,GAGGATACGAAC,Human
Bridge_Host_Version_2,Looking at host genome for covid positive samples from the bridge study.,Negative_Control_2,CLIAhub extraction of a NP swab in shield buffer from covid positive patient.,Negative_Control_2,Negative_Control_2,Anthea_Mitchell,CZB-TRUSEQ-8-12BP-i7-PLATE-008_Dual-032_D3,GAGTTCGGTAGA,CZB-TRUSEQ-8-12BP-i5-PLATE-010_Dual-032_D3,CGATAGAGGTGA,Human